intervention_idx,dose_original,factor,dose_new,rmse_factual,rmse_cf,true_effect_mean,pred_effect_mean,effect_error
1,6.2,0.5,3.1,14.986679513192014,65.55029303766126,46.05555555555556,-0.19271371233665213,46.24826926789221
1,6.2,0.8,4.960000000000001,14.986679513192014,33.407810452965165,18.083333333333332,1.1275356910566714,16.95579764227666
1,6.2,1.2,7.4399999999999995,14.986679513192014,7.256668705478944,-19.0,-9.349322383075858,9.650677616924142
1,6.2,1.5,9.3,14.986679513192014,16.317601767681712,-46.166666666666664,-29.866695497791607,16.299971168875057
2,4.8,0.5,2.4,14.05741690785615,31.487076586359624,35.27777777777778,11.117822726333277,24.159955051444502
2,4.8,0.8,3.84,14.05741690785615,17.66612791016996,14.083333333333334,7.642191445805976,6.441141887527358
2,4.8,1.2,5.76,14.05741690785615,13.932246242245052,-14.777777777777779,-8.635607154515377,6.142170623262402
2,4.8,1.5,7.199999999999999,14.05741690785615,25.766157129118902,-35.833333333333336,-16.915588517077197,18.91774481625614
3,6.7,0.5,3.35,15.699645377733315,43.13594677520615,51.166666666666664,3.923148409465957,47.243518257200705
3,6.7,0.8,5.36,15.699645377733315,9.6821442207146,20.944444444444443,4.234756417427305,16.709688027017137
3,6.7,1.2,8.04,15.699645377733315,29.732686090727782,-20.166666666666668,-8.998918659571068,11.1677480070956
3,6.7,1.5,10.05,15.699645377733315,44.30553223674272,-46.638888888888886,-17.94973747269316,28.689151416195728
4,4.8,0.5,2.4,7.740058404984945,34.93372229956338,36.05555555555556,2.184230089578059,33.8713254659775
4,4.8,0.8,3.84,7.740058404984945,9.633293014741797,15.25,4.0568655612539155,11.193134438746085
4,4.8,1.2,5.76,7.740058404984945,11.847056743768675,-14.333333333333334,-10.96982025424724,3.3635130790860934
4,4.8,1.5,7.199999999999999,7.740058404984945,23.43146148191384,-35.55555555555556,-26.265508924323868,9.29004663123169
5,5.2,0.5,2.6,11.448238654625516,46.469571431713284,38.888888888888886,3.305436404543625,35.58345248434526
5,5.2,0.8,4.16,11.448238654625516,22.507526502934383,15.38888888888889,2.678835531687677,12.710053357201213
5,5.2,1.2,6.24,11.448238654625516,10.066064527103094,-14.944444444444445,-7.518497975533099,7.425946468911346
5,5.2,1.5,7.800000000000001,11.448238654625516,15.554539829671464,-38.05555555555556,-28.15330945240824,9.902246103147316
6,4.3,0.5,2.15,3.1982263053121436,35.31694866396907,31.36111111111111,0.7738568709919799,30.58725424011913
6,4.3,0.8,3.44,3.1982263053121436,14.892463375898046,12.777777777777779,0.9752593237683781,11.8025184540094
6,4.3,1.2,5.159999999999999,3.1982263053121436,9.765988230314106,-12.13888888888889,-3.4410480712800693,8.69784081760882
6,4.3,1.5,6.449999999999999,3.1982263053121436,29.335993417251775,-32.833333333333336,-8.576559816852429,24.256773516480905
7,5.3,0.5,2.65,5.667427337718584,27.425552235889665,40.44444444444444,14.692676718016758,25.751767726427687
7,5.3,0.8,4.24,5.667427337718584,6.816263474612225,16.555555555555557,9.929675852312009,6.625879703243548
7,5.3,1.2,6.359999999999999,5.667427337718584,13.998724532343676,-15.5,-9.126296966825986,6.373703033174014
7,5.3,1.5,7.949999999999999,5.667427337718584,31.488370448974752,-38.19444444444444,-17.314097539183404,20.88034690526104
8,6.9,0.5,3.45,9.079618423936493,56.8527581521646,51.388888888888886,3.121577604348838,48.26731128454005
8,6.9,0.8,5.5200000000000005,9.079618423936493,24.083476323673775,20.694444444444443,2.680449995102698,18.013994449341745
8,6.9,1.2,8.28,9.079618423936493,13.97348085755492,-20.63888888888889,-15.668349043546016,4.9705398453428735
8,6.9,1.5,10.350000000000001,9.079618423936493,24.619291494867408,-49.888888888888886,-34.44093997560264,15.447948913286247
9,5.4,0.5,2.7,8.731713848612218,31.36984130185655,40.05555555555556,5.995409182255556,34.0601463733
9,5.4,0.8,4.32,8.731713848612218,5.42477537988836,15.305555555555555,5.4399622632144675,9.865593292341089
9,5.4,1.2,6.48,8.731713848612218,23.59469330813915,-15.833333333333334,-4.877448055905049,10.955885277428285
9,5.4,1.5,8.100000000000001,8.731713848612218,42.370207084491284,-39.72222222222222,-11.729762069449244,27.992460152772978
10,6.1,0.5,3.05,6.833056431102223,27.901927013890482,45.666666666666664,18.338913051898867,27.327753614767797
10,6.1,0.8,4.88,6.833056431102223,5.964710443790082,18.13888888888889,11.56048201900767,6.578406869881219
10,6.1,1.2,7.319999999999999,6.833056431102223,19.196367862382434,-17.75,-10.384642048846814,7.365357951153186
10,6.1,1.5,9.149999999999999,6.833056431102223,33.576129347210895,-39.666666666666664,-16.724400353890434,22.94226631277623
11,4.3,0.5,2.15,11.019709021469211,35.62181808820305,31.805555555555557,5.4113399934535265,26.39421556210203
11,4.3,0.8,3.44,11.019709021469211,18.507630746229555,13.055555555555555,4.423664305246946,8.631891250308609
11,4.3,1.2,5.159999999999999,11.019709021469211,12.53216835439787,-12.305555555555555,-3.414393079398699,8.891162476156856
11,4.3,1.5,6.449999999999999,11.019709021469211,27.140636763221917,-32.19444444444444,-7.895509514992958,24.298934929451484
12,4.3,0.5,2.15,5.453615448562962,28.770874112309194,32.138888888888886,3.1409928308430346,28.99789605804585
12,4.3,0.8,3.44,5.453615448562962,7.965488620904976,13.222222222222221,3.594203850608303,9.62801837161392
12,4.3,1.2,5.159999999999999,5.453615448562962,13.625738492125329,-12.694444444444445,-5.628299087829924,7.066145356614521
12,4.3,1.5,6.449999999999999,5.453615448562962,29.302655338094297,-31.055555555555557,-12.083984403084095,18.971571152471462
13,6.4,0.5,3.2,6.5203151547414455,37.58207467364804,47.02777777777778,15.408167099198257,31.61961067857952
13,6.4,0.8,5.120000000000001,6.5203151547414455,11.132893943653512,18.833333333333332,11.74849746156989,7.084835871763442
13,6.4,1.2,7.68,6.5203151547414455,15.649400935805653,-19.36111111111111,-12.225205972981916,7.1359051381291945
13,6.4,1.5,9.600000000000001,6.5203151547414455,30.413113527469054,-44.611111111111114,-21.00040768990275,23.610703421208363
14,5.7,0.5,2.85,12.928817170816236,27.616479657856864,43.138888888888886,9.518978834731396,33.61991005415749
14,5.7,0.8,4.5600000000000005,12.928817170816236,6.883264582781304,18.27777777777778,6.156700522170653,12.121077255607126
14,5.7,1.2,6.84,12.928817170816236,23.42877900203178,-16.38888888888889,-7.333141777841048,9.055747111047841
14,5.7,1.5,8.55,12.928817170816236,36.92711823005478,-38.75,-17.278336223205724,21.471663776794276
15,4.7,0.5,2.35,3.7329974268342947,37.885791095025084,35.611111111111114,2.2983563977889663,33.31275471332215
15,4.7,0.8,3.7600000000000002,3.7329974268342947,13.330518905460549,14.5,3.0510865288590963,11.448913471140903
15,4.7,1.2,5.64,3.7329974268342947,11.760305880110376,-13.694444444444445,-4.693668807129455,9.000775637314991
15,4.7,1.5,7.050000000000001,3.7329974268342947,29.9058385352801,-34.833333333333336,-12.211961860867227,22.62137147246611
16,7.4,0.5,3.7,12.738854029927648,73.82965860449642,55.72222222222222,-5.178799181459906,60.90102140368213
16,7.4,0.8,5.920000000000001,12.738854029927648,32.617745373848614,22.61111111111111,-1.8068846324838457,24.417995743594958
16,7.4,1.2,8.88,12.738854029927648,18.283970278517796,-21.583333333333332,-10.336285418398258,11.247047914935074
16,7.4,1.5,11.100000000000001,12.738854029927648,37.8587520336784,-54.333333333333336,-28.313382811569767,26.01995052176357
17,6.7,0.5,3.35,9.266546844732291,38.94383094291007,49.55555555555556,8.6349762208029,40.92057933475266
17,6.7,0.8,5.36,9.266546844732291,7.397660541814788,19.97222222222222,7.920913870252245,12.051308351969976
17,6.7,1.2,8.04,9.266546844732291,24.012168321817892,-20.194444444444443,-9.762097542205595,10.432346902238848
17,6.7,1.5,10.05,9.266546844732291,33.39010982190397,-44.19444444444444,-23.38888898433323,20.80555546011121
18,5.1,0.5,2.55,11.17988152385314,23.925579284504394,38.22222222222222,7.905413773493207,30.316808448729013
18,5.1,0.8,4.08,11.17988152385314,2.9147704665284357,15.444444444444445,5.934595517127508,9.509848927316938
18,5.1,1.2,6.119999999999999,11.17988152385314,23.09188236828593,-14.63888888888889,-5.35197737524453,9.286911513644359
18,5.1,1.5,7.6499999999999995,11.17988152385314,42.07844524287647,-37.861111111111114,-10.612202599964508,27.248908511146606
19,5.3,0.5,2.65,10.397202093917873,33.30082244881564,35.47222222222222,9.007708256334677,26.464513965887544
19,5.3,0.8,4.24,10.397202093917873,16.418203942494394,13.666666666666666,5.508384854941582,8.158281811725084
19,5.3,1.2,6.359999999999999,10.397202093917873,11.37494813065189,-14.61111111111111,-12.088398563768157,2.5227125473429535
19,5.3,1.5,7.949999999999999,10.397202093917873,20.703492475266668,-36.02777777777778,-20.279392261054355,15.748385516723424
20,5.7,0.5,2.85,5.972509672216413,49.25271248023331,42.05555555555556,2.1685361780243513,39.8870193775312
20,5.7,0.8,4.5600000000000005,5.972509672216413,20.272174157279395,16.27777777777778,2.3629119994224883,13.91486577835529
20,5.7,1.2,6.84,5.972509672216413,8.19125505678888,-17.47222222222222,-9.019799161742789,8.452423060479433
20,5.7,1.5,8.55,5.972509672216413,23.0082807917587,-42.666666666666664,-24.074127636492065,18.5925390301746
21,4.6,0.5,2.3,5.174675434216018,33.56100617308575,34.72222222222222,1.9089954854540412,32.81322673676818
21,4.6,0.8,3.6799999999999997,5.174675434216018,12.040920173341297,14.5,2.213702210565807,12.286297789434194
21,4.6,1.2,5.52,5.174675434216018,13.789719081496495,-12.777777777777779,-5.989150599183836,6.788627178593942
21,4.6,1.5,6.8999999999999995,5.174675434216018,28.98839417037807,-34.333333333333336,-13.569609085302469,20.76372424803087
22,6.7,0.5,3.35,8.949474997776338,50.401572309683914,48.166666666666664,4.546377919830068,43.62028874683659
22,6.7,0.8,5.36,8.949474997776338,16.193214806675414,19.36111111111111,7.12604111451174,12.235069996599371
22,6.7,1.2,8.04,8.949474997776338,12.18942718366182,-20.88888888888889,-12.867569790477509,8.02131909841138
22,6.7,1.5,10.05,8.949474997776338,30.827180773416735,-50.333333333333336,-31.861777975981138,18.471555357352198
23,4.9,0.5,2.45,6.566686611871383,35.31981406272991,34.666666666666664,4.804368186287803,29.86229848037886
23,4.9,0.8,3.9200000000000004,6.566686611871383,14.22888431206387,14.13888888888889,4.263957608191824,9.874931280697066
23,4.9,1.2,5.88,6.566686611871383,9.21490391875222,-16.194444444444443,-8.044822866829767,8.149621577614676
23,4.9,1.5,7.3500000000000005,6.566686611871383,22.55580112694223,-37.75,-18.763549128334144,18.986450871665856
24,5.3,0.5,2.65,15.005550454719236,42.131076589159484,39.47222222222222,9.54844474376096,29.92377747846126
24,5.3,0.8,4.24,15.005550454719236,24.71958796464026,16.416666666666668,3.6006891750088243,12.815977491657844
24,5.3,1.2,6.359999999999999,15.005550454719236,16.30668956143396,-15.5,-3.844320156627665,11.655679843372335
24,5.3,1.5,7.949999999999999,15.005550454719236,33.037772960536685,-38.77777777777778,-9.047654427019781,29.730123350758
25,5.5,0.5,2.75,7.969361355724588,29.54163152821075,40.72222222222222,11.441345037057161,29.28087718516506
25,5.5,0.8,4.4,7.969361355724588,6.5608187780018214,16.666666666666668,9.002445591683202,7.664221074983466
25,5.5,1.2,6.6,7.969361355724588,15.968099675292615,-16.805555555555557,-9.550721232236816,7.254834323318741
25,5.5,1.5,8.25,7.969361355724588,33.461418977193674,-40.30555555555556,-20.898672718662713,19.406882836892844
26,3.8,0.5,1.9,18.564978463065007,50.044814412023975,28.72222222222222,-0.08912219458814777,28.811344416810368
26,3.8,0.8,3.04,18.564978463065007,30.48354679028512,11.472222222222221,0.4319094553374963,11.040312766884725
26,3.8,1.2,4.56,18.564978463065007,9.889128043296246,-10.916666666666666,-2.098250972266504,8.818415694400162
26,3.8,1.5,5.699999999999999,18.564978463065007,5.466453384175221,-27.916666666666668,-8.76991496909735,19.146751697569318
27,4.2,0.5,2.1,6.623631137699081,28.112980932198724,31.416666666666668,1.6529580010930331,29.763708665573635
27,4.2,0.8,3.3600000000000003,6.623631137699081,9.761728727343629,13.194444444444445,1.741966084024112,11.452478360420333
27,4.2,1.2,5.04,6.623631137699081,14.199644056586388,-11.805555555555555,-4.803430600558155,7.0021249549974005
27,4.2,1.5,6.300000000000001,6.623631137699081,28.565521080269956,-31.38888888888889,-11.798324556465264,19.590564332423625
28,5.4,0.5,2.7,11.121562740205672,32.482365859660554,40.75,8.268743112136555,32.481256887863445
28,5.4,0.8,4.32,11.121562740205672,10.162715244599669,16.13888888888889,7.145642594155532,8.993246294733357
28,5.4,1.2,6.48,11.121562740205672,17.39180220326872,-16.083333333333332,-9.229617900269215,6.853715433064117
28,5.4,1.5,8.100000000000001,11.121562740205672,33.10963177849423,-39.05555555555556,-19.698154252910072,19.357401302645485
29,6.1,0.5,3.05,5.035428171261311,43.73205224413937,45.05555555555556,6.531001134190674,38.52455442136488
29,6.1,0.8,4.88,5.035428171261311,14.420877194045163,17.444444444444443,5.528992339244874,11.91545210519957
29,6.1,1.2,7.319999999999999,5.035428171261311,12.748216799432514,-18.13888888888889,-10.846849542517763,7.292039346371126
29,6.1,1.5,9.149999999999999,5.035428171261311,26.709498175750642,-44.69444444444444,-25.563435838776766,19.131008605667677
30,5.6,0.5,2.8,17.217273096818783,33.713377250638686,42.55555555555556,4.476547747898748,38.07900780765681
30,5.6,0.8,4.4799999999999995,17.217273096818783,12.048580660639201,17.38888888888889,5.387117553663418,12.00177133522547
30,5.6,1.2,6.72,17.217273096818783,26.939086155919373,-15.972222222222221,-7.171897740081956,8.800324482140265
30,5.6,1.5,8.399999999999999,17.217273096818783,48.64449003070358,-39.55555555555556,-12.096483691944975,27.459071863610582
31,7.1,0.5,3.55,7.699662712641966,46.42511380622804,53.611111111111114,13.660803866118792,39.950307244992324
31,7.1,0.8,5.68,7.699662712641966,18.73419777124625,21.75,8.066136397591217,13.683863602408783
31,7.1,1.2,8.52,7.699662712641966,18.724479192984287,-21.305555555555557,-3.54150791126571,17.764047644289846
31,7.1,1.5,10.649999999999999,7.699662712641966,38.95337072294938,-47.52777777777778,-13.16812355451711,34.35965422326067
32,6.3,0.5,3.15,5.255930390129535,49.04808940490866,47.416666666666664,3.2872394901559923,44.129427176510674
32,6.3,0.8,5.04,5.255930390129535,17.87178557612032,19.305555555555557,3.5214084505643495,15.784147104991208
32,6.3,1.2,7.56,5.255930390129535,13.358580399791961,-17.5,-10.462198619900265,7.037801380099735
32,6.3,1.5,9.45,5.255930390129535,27.29361686926024,-45.111111111111114,-27.033660166340027,18.077450944771087
33,4.6,0.5,2.3,7.293777945989156,42.67755347980185,33.72222222222222,0.8005886275289673,32.921633594693255
33,4.6,0.8,3.6799999999999997,7.293777945989156,17.48560090017496,12.416666666666666,1.7937052616449816,10.622961405021684
33,4.6,1.2,5.52,7.293777945989156,7.9157003338045815,-14.777777777777779,-5.126632479592864,9.651145298184915
33,4.6,1.5,6.8999999999999995,7.293777945989156,24.516113352510462,-34.30555555555556,-12.64303577445057,21.662519781104987
34,7.3,0.5,3.65,11.742806436142923,64.97938898101869,53.72222222222222,2.1045497327981475,51.61767248942407
34,7.3,0.8,5.84,11.742806436142923,29.397142152316995,21.27777777777778,2.8055091130414027,18.472268664736376
34,7.3,1.2,8.76,11.742806436142923,14.38718515580848,-21.444444444444443,-13.856498962757112,7.587945481687331
34,7.3,1.5,10.95,11.742806436142923,25.909612220120223,-53.916666666666664,-36.119632669035056,17.79703399763161
35,6.6,0.5,3.3,11.233675713065226,43.40067069150712,48.27777777777778,11.540170158614456,36.73760761916332
35,6.6,0.8,5.28,11.233675713065226,16.57472558387268,18.944444444444443,8.107733922323838,10.836710522120605
35,6.6,1.2,7.919999999999999,11.233675713065226,18.385085375872475,-20.805555555555557,-9.194517473284984,11.611038082270573
35,6.6,1.5,9.899999999999999,11.233675713065226,33.80818279257256,-47.22222222222222,-20.636664644311402,26.58555757791082
36,5.8,0.5,2.9,7.333436136348255,52.12154524687434,43.97222222222222,1.2830450415181482,42.68917718070407
36,5.8,0.8,4.64,7.333436136348255,20.58210563776835,17.305555555555557,2.623106472068882,14.682449083486675
36,5.8,1.2,6.96,7.333436136348255,16.541287604340596,-16.944444444444443,-6.165746538809678,10.778697905634765
36,5.8,1.5,8.7,7.333436136348255,31.352979486547067,-42.47222222222222,-17.54858157865577,24.92364064356645
37,8.1,0.5,4.05,11.812072776358848,60.37244011835594,60.22222222222222,6.352031075905184,53.87019114631704
37,8.1,0.8,6.48,11.812072776358848,21.53427359877047,24.055555555555557,6.399854173426836,17.655701382128722
37,8.1,1.2,9.719999999999999,11.812072776358848,19.939293019086517,-24.833333333333332,-22.227620763031723,2.605712570301609
37,8.1,1.5,12.149999999999999,11.812072776358848,29.1413926390948,-53.833333333333336,-33.456782377359815,20.37655095597352
38,7.5,0.5,3.75,7.580810984818379,50.361528974224804,55.5,8.029061281586987,47.47093871841301
38,7.5,0.8,6.0,7.580810984818379,12.674463574201262,21.555555555555557,8.864543814586044,12.691011740969513
38,7.5,1.2,9.0,7.580810984818379,24.217751703780138,-22.52777777777778,-10.639887504897787,11.887890272879991
38,7.5,1.5,11.25,7.580810984818379,32.99544501386857,-48.333333333333336,-25.9488589546475,22.384474378685837
39,6.3,0.5,3.15,14.69276541688459,36.14636178111669,46.138888888888886,6.3986364402776905,39.740252448611194
39,6.3,0.8,5.04,14.69276541688459,6.783180215032797,17.38888888888889,6.333482003690228,11.05540688519866
39,6.3,1.2,7.56,14.69276541688459,26.158342849179377,-20.86111111111111,-8.874046229303453,11.987064881807658
39,6.3,1.5,9.45,14.69276541688459,42.00353185427365,-44.583333333333336,-15.593071229461945,28.99026210387139
40,7.6,0.5,3.8,47.79946321926035,84.86079133831613,54.388888888888886,16.961816336885878,37.42707255200301
40,7.6,0.8,6.08,47.79946321926035,61.37582697148383,21.13888888888889,6.174401274907774,14.964487613981115
40,7.6,1.2,9.12,47.79946321926035,38.30689751633535,-23.02777777777778,-5.273067750366233,17.754710027411544
40,7.6,1.5,11.399999999999999,47.79946321926035,41.33944378766119,-52.861111111111114,-11.55996769605775,41.30114341505336
41,4.9,0.5,2.45,10.161924046038466,21.514344938004637,35.94444444444444,7.93552731011428,28.00891713433016
41,4.9,0.8,3.9200000000000004,10.161924046038466,4.608795986198371,13.833333333333334,6.135093969773117,7.698239363560217
41,4.9,1.2,5.88,10.161924046038466,16.032876587730033,-14.5,-10.111251536971215,4.388748463028785
41,4.9,1.5,7.3500000000000005,10.161924046038466,28.59404725769085,-35.55555555555556,-20.490175917683704,15.065379637871853
42,4.4,0.5,2.2,5.83172090959795,40.46748789527954,33.138888888888886,0.06123610620092279,33.07765278268796
42,4.4,0.8,3.5200000000000005,5.83172090959795,18.22097764152124,13.277777777777779,0.15994060070616614,13.117837177071612
42,4.4,1.2,5.28,5.83172090959795,9.186744576267616,-12.666666666666666,-3.9831045112174692,8.683562155449197
42,4.4,1.5,6.6000000000000005,5.83172090959795,27.606722056186427,-32.30555555555556,-9.133066743807335,23.172488811748224
43,7.2,0.5,3.6,36.372231007494904,79.52281916779147,54.638888888888886,12.768764927574784,41.8701239613141
43,7.2,0.8,5.760000000000001,36.372231007494904,54.89554852026394,21.555555555555557,3.1223329483633995,18.433222607192157
43,7.2,1.2,8.64,36.372231007494904,22.657258352565442,-20.805555555555557,-2.13010909207153,18.67544646348403
43,7.2,1.5,10.8,36.372231007494904,28.021138992059104,-48.083333333333336,-4.100929790496603,43.982403542836735
44,3.7,0.5,1.85,16.539592566045876,39.714906117326,24.38888888888889,0.6869782359180563,23.701910652970835
44,3.7,0.8,2.9600000000000004,16.539592566045876,23.738198277459606,9.083333333333334,0.8588682215359218,8.224465111797413
44,3.7,1.2,4.44,16.539592566045876,12.391027075565459,-10.38888888888889,-2.906908671310534,7.481980217578355
44,3.7,1.5,5.550000000000001,16.539592566045876,11.215922030418989,-24.86111111111111,-15.959260254829859,8.901850856281252
45,3.7,0.5,1.85,3.5235658430989636,32.16292811688063,27.5,0.32535749528157254,27.174642504718427
45,3.7,0.8,2.9600000000000004,3.5235658430989636,13.387855485858562,10.722222222222221,0.7453345484582405,9.976887673763981
45,3.7,1.2,4.44,3.5235658430989636,7.773271750674028,-11.75,-3.2815675730087497,8.46843242699125
45,3.7,1.5,5.550000000000001,3.5235658430989636,21.162884162010542,-27.88888888888889,-8.64316831773449,19.2457205711544
46,5.5,0.5,2.75,5.58508001439079,29.574367498353496,40.80555555555556,15.07469714215285,25.730858413402707
46,5.5,0.8,4.4,5.58508001439079,8.784670595255005,16.72222222222222,10.729702313403795,5.992519908818426
46,5.5,1.2,6.6,5.58508001439079,12.451551081165256,-15.694444444444445,-10.904456510595804,4.789987933848641
46,5.5,1.5,8.25,5.58508001439079,27.886496960995203,-39.97222222222222,-18.99728221998431,20.97494000223791
47,5.2,0.5,2.6,8.76941625858188,30.626317602460244,38.25,8.879323611853513,29.370676388146485
47,5.2,0.8,4.16,8.76941625858188,9.7616731021267,14.36111111111111,6.916179317089528,7.444931794021583
47,5.2,1.2,6.24,8.76941625858188,10.459424707194136,-16.194444444444443,-14.608970691902638,1.5854737525418052
47,5.2,1.5,7.800000000000001,8.76941625858188,23.85902118808252,-39.02777777777778,-24.46718088919424,14.56059688858354
48,5.2,0.5,2.6,15.786166855654544,56.682440507713444,38.02777777777778,-1.507579864080106,39.535357641857885
48,5.2,0.8,4.16,15.786166855654544,29.039900011723148,14.88888888888889,0.7056204231772136,14.183268465711675
48,5.2,1.2,6.24,15.786166855654544,13.3014288134656,-15.916666666666666,-2.839388152283654,13.077278514383012
48,5.2,1.5,7.800000000000001,15.786166855654544,27.375439004704248,-38.833333333333336,-8.40428698987794,30.429046343455397
49,4.6,0.5,2.3,8.220382576267337,27.500620837982652,33.833333333333336,7.037843662994085,26.79548967033925
49,4.6,0.8,3.6799999999999997,8.220382576267337,7.715251203189676,13.333333333333334,6.0216539846283155,7.3116793487050185
49,4.6,1.2,5.52,8.220382576267337,13.403978995761086,-13.833333333333334,-7.768939865598507,6.064393467734827
49,4.6,1.5,6.8999999999999995,8.220382576267337,26.16061214899081,-34.361111111111114,-19.75081151619803,14.610299594913084
50,5.1,0.5,2.55,6.027614214507676,41.17076733776586,36.5,2.478028663450207,34.0219713365498
50,5.1,0.8,4.08,6.027614214507676,16.79363509130989,14.166666666666666,2.312862016845687,11.85380464982098
50,5.1,1.2,6.119999999999999,6.027614214507676,8.417758675889042,-15.36111111111111,-7.0448798113641695,8.316231299746942
50,5.1,1.5,7.6499999999999995,6.027614214507676,18.711418265550382,-38.44444444444444,-23.56510822901829,14.879336215426154
